{
    "id": "animealtadefinizione",
    "name": "AnimealtAdefinizione",
    "active": true,
    "language": ["ita", "sub-ita"],
    "thumbnail": "animealtadefinizione.png",
    "banner": "animealtadefinizione.png",
    "categories": ["anime", "sub-ita"],
    "default_off": ["include_in_newest"],
    "settings": [
        {
            "id": "perpage",
            "type": "list",
            "label": "Elementi per pagina",
            "default": 3,
            "enabled": true,
            "visible": true,
            "lvalues": ["20","30","40","50","60","70","80","90","100"]
        }
    ]
}
