{
	"id": "animeforce",
	"name": "AnimeForce",
	"language": ["ita"],
	"active": true,
	"thumbnail": "animeforce.png",
	"banner": "animeforce.png",
	"categories": ["anime"],
	"settings": [
        {
            "id": "include_in_global_search",
            "type": "bool",
            "label": "Includi in Ricerca Globale",
            "default": false,
            "enabled": false,
            "visible": true
        },
        {
            "id": "include_in_newest_anime",
            "type": "bool",
            "label": "Includi in Novità - Anime",
            "default": true,
            "enabled": true,
            "visible": true
        },
        {
            "id": "checklinks",
            "type": "bool",
            "label": "Verifica se i link esistono",
            "default": false,
            "enabled": true,
            "visible": true
        },
        {
            "id": "checklinks_number",
            "type": "list",
            "label": "Numero de link da verificare",
            "default": 1,
            "enabled": true,
            "visible": "eq(-1,true)",
            "lvalues": [ "1", "3", "5", "10" ]
        },
        {
            "id": "autorenumber", 
            "type": "bool", 
            "label": "@70712", 
            "default": false, 
            "enabled": true, 
            "visible": true
        },
        {
            "id": "autorenumber_mode",
            "type": "bool",
            "label": "@70688",
            "default": false,
            "enabled": true,
            "visible": "eq(-1,true)"
        }
	  ]
}
