{
    "direct": {
        "altadefinizione01": "https://www.altadefinizione01.sbs",
        "animealtadefinizione": "https://www.animealtadefinizione.it",
        "animeforce": "https://www.animeforce.it",
        "animesaturn": "https://www.animesaturn.it",
        "animeunity": "https://www.animeunity.tv",
        "animeuniverse": "https://www.animeuniverse.it",
        "animeworld": "https://www.animeworld.tv",
        "aniplay": "https://aniplay.it",
        "casacinema": "https://www.casacinema.page",
        "cb01anime": "https://www.cineblog01.red",
        "cinemalibero": "https://cinemalibero.top",
        "cinetecadibologna": "http://cinestore.cinetecadibologna.it",
        "discoveryplus": "https://www.discoveryplus.com",
        "dreamsub": "https://dreamsub.cc",
        "eurostreaming": "https://eurostreaming.town",
        "guardaseriecam": "https://guardaserie.cam",
        "guardaserieclick": "https://www.guardaserie.builders",
        "guardaserieicu": "https://guardaserie.construction",
        "hd4me": "https://hd4me.net",
        "ilcorsaronero": "https://ilcorsaronero.link",
        "ilgeniodellostreaming": "https://ilgeniodellostreaming.wf",
        "ilgeniodellostreaming_cam": "https://ilgeniodellostreaming.city",
        "italiaserie": "https://italiaserie.rest",
        "mediasetplay": "https://www.mediasetplay.mediaset.it",
        "mondoserietv": "https://mondoserietv.club",
        "paramount": "https://www.mtv.it",
        "piratestreaming": "https://www.piratestreaming.design",
        "plutotv": "https://pluto.tv",
        "raiplay": "https://www.raiplay.it",
        "serietvu": "https://www.serietvu.live",
        "streamingcommunity": "https://streamingcommunity.host",
        "streamingita": "https://www.streamingita.site",
        "streamtime": "https://t.me/s/StreamTime",
        "tantifilm": "https://www.tantifilm.codes",
        "toonitalia": "https://toonitalia.co",
        "vvvvid": "https://www.vvvvid.it"
    },
    "findhost": {
        "altadefinizione": "https://altadefinizione.nuovo.live",
        "altadefinizionecommunity": "https://altaregistrazione.net",
        "animealtadefinizione": "https://www.animealtadefinizione.it",
        "cineblog01": "https://cb01.uno",
        "filmpertutti": "https://filmpertuttiii.nuovo.live"
    }
}