{
    "settings": {
        "ask_channel": false,
        "db_mode": false,
        "everyday_delay": 1,
        "info_language": 4,
        "local_episodes": false,
        "lowerize_title": false,
        "mark_as_watched": true,
        "max_links": 0,
        "no_pile_on_seasons": 1,
        "original_title_folder": false,
        "quit_channel_name": false,
        "replace_VD": false,
        "scraper_movies": 0,
        "scraper_tvshows": 0,
        "search_new_content": 0,
        "show_all_seasons": true,
        "sync_trakt_new_tvshow": false,
        "sync_trakt_new_tvshow_wait": true,
        "sync_trakt_notification": true,
        "sync_trakt_watched": false,
        "tvdb_retry_eng": true,
        "update": 1,
        "update_wait": 0,
        "updatelibrary_last_check": "2023-12-03",
        "updatetvshows_interval": 0,
        "verify_playcount": false,
        "white_list_order": false
    }
}