<?xml version="1.0" encoding="UTF-8" standalone="yes"?>
<addon id="plugin.video.lo-scienziato-pazzo" name="[B][COLOR green]LO[COLOR white]SCIENZIATO[COLOR green]PAZZO[/COLOR][/B]" version="5.0.0" provider-name="LO SCIENZIATO PAZZO">
  <requires>
    <import addon="xbmc.python" version="3.0.0"/>
        <import addon="script.module.requests" version="1.1.0"/>
	<import addon="pvr.iptvsimple"/>
	<import addon="webinterface.arch" version="1.0.0"/>
  </requires>
  <extension point="xbmc.python.pluginsource" library="default.py">
        <provides>video executable</provides>
  </extension>
  <extension point="xbmc.python.script" library="helloworld.py">
        <provides>executable</provides>
  </extension>
  <extension point="xbmc.python.script" library="service.py">
        <provides>executable</provides>
  </extension>
  <extension point="xbmc.addon.metadata">
    <summary lang="en">LO SCIENZIATO PAZZO</summary>
    <description lang="en">Qui troverai le migliori repo</description>
    <platform>all</platform>
    <assets>
        <icon>icon.gif</icon>
        <fanart>fanart.gif</fanart>
    </assets>
	</extension>
</addon>
