{
    "direct": {
        "altadefinizione01": "https://altadefinizione01.boo",
        "animealtadefinizione": "https://www.animealtadefinizione.it",
        "animeforce": "https://www.animeforce.it",
        "animesaturn": "https://www.animesaturn.tv",
        "animeunity": "https://www.animeunity.tv",
        "animeworld": "https://www.animeworld.so",
        "aniplay": "https://aniplay.co",
        "casacinema": "http://ww12.casacinema.lol",
        "cb01anime": "https://www.cineblog01.red",
        "cinemalibero": "https://cinemalibero.cafe",
        "cinetecadibologna": "http://cinestore.cinetecadibologna.it",
        "discoveryplus": "https://www.discoveryplus.com",
        "dreamsub": "https://www.animeworld.so",
        "eurostreaming": "https://eurostreaming.coach",
        "eurostreaming_actor": "https://eurostreaming.care",
        "filmstreaming": "http://ww12.filmstreaming.sbs",
        "guardaseriecam": "https://guardaserie.futbol",
        "hd4me": "https://hd4me.net",
        "ilcorsaronero": "https://ilcorsaronero.link",
        "ilgeniodellostreaming_cam": "http://ww12.ilgeniodellostreaming.press",
        "italiafilm": "https://italia-film.today",
        "mediasetplay": "https://mediasetinfinity.mediaset.it",
        "mondoserietv": "http://ww25.mondoserietv.club/?subid1=20230304-0434-261c-9cb0-a0044930e0a9",
        "paramount": "https://www.mtv.it",
        "piratestreaming": "https://piratestreaming.design",
        "plutotv": "https://pluto.tv",
        "raiplay": "https://www.raiplay.it",
        "serietvu": "http://ww1.serietvu.live/?sub1=f8f3aa4c-5324-11ee-98f9-28042a8e9d78",
        "streamingcommunity": "https://streamingcommunity.codes",
        "streamingita": "https://www.streamingita.xyz",
        "tantifilm": "https://www.tantifilm.hair",
        "toonitalia": "https://toonitalia.xyz/wp-admin/setup-config.php"
    },
    "findhost": {
        "altadefinizione": "https://altadefinizione.nuovo.live",
        "altadefinizionecommunity": "https://altaregistrazione.net",
        "animealtadefinizione": "https://www.animealtadefinizione.it",
        "cineblog01": "https://cb01.uno",
        "filmpertutti": "https://filmpertuttiii.nuovo.live"
    }
}